Username,Comment,Date
khairuddinarbi,"Quality:Perfect
Performance:Fast delivery and perfect packaging

Satisfied with their service. Takes 4 days to delivered, quite fast. Packaging perfect no dented at all. Excellent service.",2024-03-21
angela020968,"Quality:good
Performance:good

Ordered on 25/2 & received in on 29/2. Item well packed & received safely. Good value purchase during 25.2 sales with RM 800 shop voucher & 20k cash back coins.",2024-03-04
eddiezamzurie,"Performance:latest model
Quality:good as usual iphone

Delivery abit slow but its ok as long as received safely
Thanks itworld
For the item
Im very enjoyed",2024-03-09
xyen212,"Performance:good
Quality:good

Authentic products, pre-order and get within a week, get best offer price. Everything is good but only the delivery abit scary cause not pass direct to owner, rider just put on my company front desk.",2024-03-03
kitleesk97,"Quality:superb
Performance:superb

Estimate delivery arrive in 2 weeks, but arrived my place with just few days‚Ä¶ very surprised with the efficiency! Product checked ‚úîÔ∏è Authentic product, Recommended!",2024-02-18
ridzuanmahad,"Performance:excellent
Quality:apple quality is excellent

Alhamdulillah. I am happy that the item arrived today. Very quick delivery by the seller. The item was wrapped very nicely and safely. Good value for your money. Thank you very much seller. The price is cheaper than other competitors.",2024-03-10
usopsantooz,"Performance:terbaik
Quality:superb

Pembelian yang sangat berbaloi hampir rm1000 voucher..jimat banyak
14 pro max aku rasanya lagi mahal haha
Thnk u seller",2024-03-23
z*****n,"Quality:Good
Performance:GOOD

Purchase date 26/10. Delivered 29/10. Quite fast. So far there‚Äôs no problem with the phone. Tq!!",2024-03-20
m*****n,"Quality:like advertise
Performance:top notch

Received with good condition from seller.. will buy again with a great price from all sellers in shopee.. thank you",2024-03-19
f*****s,upgrade my ip11 to ip 15 pro max. delivery quite slow but overall okay. packaging also very secured.,2024-03-04
stephc,"Performance:Great

Working well and it‚Äôs an original phone after checking the serial number. Bought it at a cheaper price during 11.11, worth it.",2024-03-12
kerol_84,"Quality:paduu
Performance:mantappl

Tak sampai seminggu hp dah sampai,memang terbaik lahh üëçüëçüëç",2024-03-06
i*****i,"Performance:good performance
Quality:good quality

Always buy from this seller, fast ship out and delivery good",2024-02-28
sungsiew1977,"Quality:excellent
Performance:excellent

Received in good condition, fast delivery, worth of money and will buy it again.",2024-03-02
s*****n,"Quality:Good
Performance:Good

Good quality, Fast delivery, Item received in good condition.",2024-03-08
b*****k,"Fast delivery, package protection very good. So far no problems hope everything is ok.",2024-03-10
malwa,"Sampai dalam keadaan baik, tak mengecewakan.. harga pun dapat murah gila dari kedai‚Ä¶. Pre order tapi 3hari dah sampai‚Ä¶ terbaik seller",2024-03-22
x*****e,"Performance:good phone

Cheaper than store in the mall. Fast delivery and wrapped properly.",2024-03-10
z*****n,"Performance:Tiptop
Quality:Tiptop

Solid overall.
Pro Max feel more lighter. 
Pre-Order but delivered within 3 days.",2024-03-05
x*****8,"Performance:great
Quality:great

Got it with further discount hence cheaper den retail price!",2024-03-11
azfaralways,"Quality:good
Performance:excellent

Everything performed well, good job for IT world teamüíï 
#Iphone15promax",2024-03-19
c*****g,"Performance:great
Quality:good

Iphone always my favorite phone, never let me down far‚Ä¶",2024-01-08
m*****t,"Performance:love it
Quality:lighter than my Iphoen 14 pro ü§£

Like it really with bigger screen and lighter then iPhone 14 pro.",2024-03-22
s*****3,"The item delivered faster than the expected date, and in good condition with protection, but the iPhone box itself got some dirt",2024-02-03
s*****l,"Quality:Good
Performance:Good

Good quality, Fast delivery, Item received in good condition.",2024-03-05
jerryngan,"Quality:perfect

Thank you seller for super fast shipping and wellpacking also everything comes in good condition and well received appreciate a lot",2024-03-04
jerryngan,"Quality:perfect

Thank you seller for super fast shipping and wellpacking also everything comes in good condition and well received appreciate a lot",2024-03-04
s*****n,"Quality:Good
Performance:Good

Good quality, Fast delivery, Item received in good condition.",2024-02-29
s*****l,"Quality:Good
Performance:Good

Good quality, Fast delivery, Item received in good condition.",2024-03-03
zyong83,"Quality:Excellent
Performance:best of the best

Original Apple phone. Genuine seller and very satisfied.",2024-02-24
nurulnadia_13,Sgt recomended sgt..seller bila kita tnye dia rply gn cpt..brg pn dlm keadaan okay..hrga sgt2 murh dn original..delivery pn sgt pantas,2024-02-23
s*****n,"Performance:excellent
Quality:superb

The latest Iphone 15 Pro Max in the market !!!",2024-03-08
aimanzufay,"Quality:great
Performance:good

The video is about the box okay. üòÖ Overall, great using it.",2024-03-02
97penyuterbang,took only 3 days to delivery..got many discount at the time i buy..only 6.3k..good job seller,2024-02-22
louiseoh,"Quality:good
Performance:good

It‚Äôs an original phone. It‚Äôs a nice seller and the ninja delivery service is very good.",2024-03-04
s*****6,"Quality:padu
Performance:syahdu

Very good
Very fast
Very nice
Very accurate
Very smooth
Very beautiful
Very handsome",2024-03-13
a*****_,"Quality:good quality and
Performance:good performance and

Fast ship out and shipping from ninjavan, power seller",2024-02-28
a*****_,"Performance:Great performance
Quality:cegreat performanceperformn

Very fast delivery even tho seller put pre order, 3 days arrived.",2024-02-20
n*****u,"Performance:good performance
Quality:good quality

Always super fast delivery from this seller, even pre order item ship out very fast, recommended!",2024-02-28
n*****u,"Performance:good performance
Quality:good quality

Always super fast delivery from this seller, even pre order item ship out very fast, recommended!",2024-02-28
j*****1,"Performance:quick nice
Quality:Very nice

Fast delivery and good service thanks will repeat again",2024-03-02
a*****_,"Performance:good performance
Quality:good quality

Super fast ship out from seller, well done!",2024-03-18
c*****y,"Performance:good
Quality:good

Thanks seller for shipping it out fast, got it within 4 days!",2024-03-23
s*****6,"Performance:best

Speedy delivery! Speedy shipment! Efficient and bought during sales! Says preorder ship in 5 days but ship just next day after ordering. Terbaik!",2024-02-20
n*****u,"Quality:good quality and performance
Performance:good performance and quality

Super fast delivery, thank you seller",2024-02-24
i*****w,"Performance:great
Quality:great

Very fast delivery although it‚Äôs pre order item. Genuine product.",2024-03-08
xxmiraco,"Quality:overall it‚Äôs good

Very fast delivery. Thank you seller. Been using the phone for two days and the performance is smooth and great. üëç",2024-03-11
e2qzgmkq1y,"Performance:seletep tu tambah sikit macam nak terkeluar dari parcel
Quality:ok macam iphone ü§£

Best..tulis pre order..tapi hari yang sama process order and drop kat siput ninja van..janji selamat sampai...beli time flash sale.. 6100-800 vocher kedai-120 shoppee vocher = 5.3..ok lah dari takdeü§£üòÇ",2024-03-02
cktiam,"Quality:good quality
Performance:overall good

Just the delivery of ninja van was so slow hope seller can change to shopee delivery",2024-03-08
n*****e,"Quality:Excellent

Also get 365 ESD and free extended warranty. Brilliant shop and will buy here in the future.",2023-11-08
r*****d,"Seller shipped my iphone 1 day late but luckily I received the item according to original ETA. Im the 1 who texted seller to ship my item quickly. I give 5 stars to seller for that service. 5 star.

For the iphone15promax itself, i have been using it for 3 weeks now. I think the battery is not really good compared to my 11pro. It has shorter life. I reset my 15promax but this time without transferring any data from my 11pro, the battery has since improved but still I think, not long enough - about 1 days 6 hours it is ok. 

Before i bought it, i found on twitter some people complaints about their battery too. Promax compare to Pro, promax supposed to have more battery capacity because the battery is bigger. For the promax battery, i think i give 2 stars. The rate i give here for the iphone (battery) not the seller service. Seller service is 5 stars.",2024-03-15
i*****i,"Quality:Ninjavan took forever to delivery,  domestic delivery so many days funny
Performance:Ninjavan took forever to delivery,  domestic delivery so many days funny

Ninjavan took forever to delivery,  domestic delivery so many days funny",2024-03-10
l*****_,"Performance:ok
Quality:ok

Unsatisfied with the delivery, my phone was hot after, I believe my parcel was put under sun",2024-02-29
renee89,"Performance:Overall is okay, but delivery super slow
Quality:Genuine Set

Delivery super slow .",2024-03-07
k*****s,Your data plan is expiring soon !Stay on 30 days Data Plan RM30 and above & RENEW ON TIME to enjoy Extra FREE 5GB valid for 5 days @ https://cd.link/ax3d T&C.,2024-02-27
p*****g,"Quality:original ZP set
Performance:good

penhantaran pantas dengan packaging terbaik..",2024-02-28
azrawrr,"i bought this for only 5k, its so much cheaper than my 14 pro ü§£ü§£ however , color is so much greyer compared to the display hoho",2024-02-25
chunhau008,"Item arrived with safe and good condition 
But not my set‚Ä¶why?",2024-02-29
pamietakasago,Beli masa sale dpt harga murah sgt dari kedai terbaik cantik gila bos,2024-03-11
esmedvj,"Performance:nicely packed and secured.
Quality:Authentic with a serial no.",2024-02-27
r*****p,received in good product thank you sellerüëçfast delivery!!,2024-03-14
c*****8,"Unboxing my iPhone and found a dirt marked underneath rear glass which is not so obvious unless point to certain angle. Why Apple always had this kind of low class cosmetic issue? Report to seller but seller refuses to exchange due to my device activated. I can only accepted what to do. In conclude, iPhone Cosmetic issues always consumer‚Äôs responsibility. They had no responsible on this. We have to bet our luck on a perfect blink blink set, or else switch to S24 ultra.",2024-03-18
edwinwongkh,"Quality:parcel receive in good packing and speedy delivery
Performance:awesome",2024-03-09
a*****_,"Performance:Excellent performance
Quality:Excellent quality

Apple always Apple!",2024-02-21
i*****i,"Quality:good quality
Performance:good performance

Good product,  apple always apple!",2024-02-29
philiptown_store,Good product quality and good value for money. Recommended,2024-02-18
n*****u,"Quality:good performance
Performance:good quality

fast shipping recommenxed to buy",2024-02-17
p*****a,"Performance:good performance
Quality:good performance

Fast shipping, good quality",2024-02-17
a*****r,"Received within date promised, will definitely consider again next year.

3500 coins cashback + rm29 airtag + 1 year Microsoft 365 + extra 1 year warranty",2023-11-16
chalapathipinisetty,Best seller and gave better discount than other apple resellers,2024-03-01
sheenmei83,Fast delivery. Haven't tried phone yet. Hope it works well,2024-03-20
k*****e,"Product actually from Thailand, comes with set of manual in Thai",2024-03-06
jeffnjen,Says preorder 5 days but received in 4 days!,2024-02-29
junaidi.99,Performance:okey nice. cheaper than others,2024-03-02
damonsim,fast delivery,2024-02-20
sclim1314,,2024-03-03
muhammadnabil334,Quality:mantap,2024-03-02
al3x1980,Fast and efficient,2024-03-07
henryyap0530,,2024-02-18
rickson1993,,2023-12-16
nazrinshahs,"Overall okay and nice packaging. Got Rm 800 voucher and rm 50 discount from shoppee. Buat second phone, will repeat lg dgn It World‚ù§Ô∏è

Overall okay and nice packaging. Got Rm 800 voucher and rm 50 discount from shoppee. Buat second phone, will repeat lg dgn It World‚ù§Ô∏è


Overall okay and nice packaging. Got Rm 800 voucher and rm 50 discount from shoppee. Buat second phone, will repeat lg dgn It World‚ù§Ô∏è",2024-03-22
aaronl94,"Performance:excellent
Quality:excellent

Excellent seller and product. But the courier is rubbish, put my phone in the unlock post box. Anytime can be stollen away by thief. Please change your courier...  I have attached the photo that the courier left my parcel in the unlock post box at my lobby.",2024-03-09
ngancheechoong,"Performance:perfect

Thank you seller for super well pack and fast shipping also everything comes in great condition appreciate a lot",2024-03-04
ngancheechoong,"Quality:perfect

Thank you seller for super well pack and fast shipping also everything comes in great condition appreciate a lot",2024-03-04
ngancheechoong,"Quality:perfect

Thank you seller for super well pack and fast shipping also everything comes in great condition appreciate a lot",2024-03-04
amalishaa,"Performance:original product

Memang mantap beli phone thru shopee lebih banyak jimat dari retail price. Beli masa sale ramadhan 15-18 march hari tu. So far brg sampai dgn selamat. Thankyou seller.",2024-03-20
n*****n,"Performance:100/100
Quality:10000000/10

Fully satisfied with the item and services! Finally got the phone after 5 days of preorder. The phone is authentic and amazing! üíó",2024-03-03
cjen59,"Performance:Great service !

Bought at the lowest prices! Thanks!",2024-03-20
l*****i,"Quality:good
Performance:perfect

Everything is good except ninja van delivery is slow!",2024-03-14
xiiao_yen,"Performance:Good

The item arrived in good conditions but the delivery extremely slow..",2024-03-12
l*****i,"Performance:good
Quality:good

Item received in good condition, thanks seller for shipping it out fast even though it stated as pre order!",2024-03-02
j*****0,good product fast delivery will buy again next time thank you,2024-02-29
jerryngan,"Performance:appreciated

Thank you seller for super fast shipping and wellpacking also everything comes in good condition and well received appreciate a lot",2024-03-04
fayerfoo,Quality:overheat issue even with newly bought condition when charging,2024-03-18
k*****i,"Quality:great quality
Performance:good performance

Original phone and trusted üëçüèª",2024-03-09
k*****z,"Quality:superb
Performance:good

Just received it few days ago. Im happy with that.",2024-03-09
i*****i,"Performance:not bad
Quality:not bad

Ninjavan took forever to delivery,  domestic delivery so many days funny",2024-03-10
joelleli,Good purchase got extra discount voucher‚Ä¶ fast delivery. Well packed and sealed,2024-03-20
n*****u,"Quality:good quality
Performance:good performance

Always super fast delivery from this seller, even pre order item ship out very fast, recommended!
Okay",2024-02-28
p*****a,"Quality:Excellent quality
Performance:excellent performance

Apple always Apple!",2024-02-21
s*****l,"Quality:Good
Performance:Good

Good quality, Fast delivery, Item received in good condition.",2024-03-08
a*****a,Has been using it for a while. Received in good condition...,2024-03-15
ahkuai89,"Performance:ok isgood
Quality:ok,apple iPhone 15 pro max sudah sampai,bagusnya,saya pilih warna putih,memang puas hati.thanks you,semua selamat diterima.terima kasih.",2024-03-07
s*****n,"Performance:Good
Quality:Good

Good quality, Fast delivery, Item received in good condition.",2024-03-02
s*****n,"Performance:Good
Quality:Good

Good quality, Fast delivery, Item received in good condition.",2024-03-02
muhammadkamaruddinmohdrazal,Performance:baru sampai. Beli masa payday sales. Murah berbanding harga asal. Tq itworld,2024-03-16
yunusemrea,"Quality:Perfection of the product

The packaging of the product was successful, it looked very protected, but when it comes to the shipping situation, it was seen as delivered to the customer, it was not delivered directly to the buyer, I think such an expensive product had to be delivered by hand. I am a student at the university and I stay outside and since there is no student mailbox, the products are left in a public area. There is no camera or security around, I mean anyone can come and take the product and leave. Shopee does not want to take this responsibility, I HOPE IT IS TAKEN INTO CONSIDERATION.",2024-03-17
rdhwnaziq,"Performance:Mantap
Quality:Original

Dapat harga jackpot dekat RM1.2k++ off. Tak tunggu lama terus sambar. Mana nak cari iphone 15pro max tapi harga 15pro. Pre-order tu pejam mata je, 3 hari sampai dah. Mantap Seller.",2024-03-23
danny3368,Thanks you,2024-03-09
jennywong1688,Thanks you,2024-03-09
jasonlee88,,2024-02-19
stupidkidz93,"Performance:good
Quality:good

Fast delivery",2023-12-20
c*****a,"Performance:good
Quality:good

Fast delivery",2024-03-10
j*****m,"Quality:nice
Performance:good

fast delivery",2023-11-01
i*****0,"Performance:Good
Quality:Good",2024-03-11
ms.heidi,"Performance:nice packing
Quality:nice packing",2024-01-10
h*****1,Yeayy dapat harga murah.,2024-03-03
vuihen82,Performance:fast n effiecent,2024-03-12
wb_0427,Received in 5days,2024-03-07
s*****s,Fast delivery,2024-03-10
myset72929m,Great packing..thanks,2024-03-04
c*****c,Fast delivery.,2024-02-19
scownz,Good..original..fast delivery...,2023-10-31
blzscm8wdj,Nice,2024-02-28
p*****a,Ninja van slow delivery,2024-03-11
a*****_,Ninjavan slow delivery,2024-03-11
seni4884,Product ori,2024-03-12
baitulfarah,Good,2024-02-29
gz9xalq1b6,Good,2024-03-02
j*****3,Êàë‰∏ÄÂÆö‰ºö‰ªãÁªçÁªôÂ∞è‰ºô‰º¥ÁöÑÔºÅÁªèÊµéÂÆûÊÉ†ÔºåÁâ©Áæé‰ª∑ÂªâÔºåË¥®ÈáèÈùûÂ∏∏Â•ΩÔºåÈùûÂ∏∏Êª°ÊÑèÔºåÂÆåÂÖ®Ë∂ÖÂá∫ÊúüÊúõÂÄºÔºåË∂ÖÁ∫ßÂàíÁÆó,2024-03-23
cheeyang17,"Quality:good

Nice And Fast",2024-03-21
dennizlim,,2024-02-21
angengting,Good purchase!,2024-03-22
h*****a,Superb and fast delivery 10‚≠ê,2024-03-23
maywoo2832,Áæé,2024-01-05
c2wtrading,,2024-03-07
desmond8929,,2024-03-11
jeffyoung1022,,2024-03-02
emilysie,Thanks you,2024-03-09
benjamin9838,Quality:everything ok,2024-02-18
kkxin,,2023-11-01
allychin882,,2023-11-29
digital_supply,,2023-10-15
machonacho,,2023-10-07
gowinn_store,,2023-10-09
smilykarmon,,2023-10-10
sharkafendy87,,2023-10-05
sopisaad,,2023-10-04
suhailyfaisa95,,2023-12-15
ayson,,2023-12-20
saton9,,2023-12-21
i*****t,,2024-01-19
sigala0226,,2024-01-19
a*****r,,2024-01-26
8sicarius8,,2024-02-01
i*****w,,2024-02-07
s*****3,,2024-02-20
black930,,2024-02-20
ufo_hijackers,,2024-02-20
seanlee75,,2024-02-23
t*****h,,2024-02-16
s*****1,,2024-02-19
kh_yong,,2024-02-27
chonwai88,,2024-02-29
p*****0,,2024-02-29
hong_soon,,2024-02-29
jetteohwj,,2024-02-28
sheong82,,2024-03-04
lim5366,,2024-03-02
wjietee,,2024-03-04
wansyawalhaffiez,,2024-03-09
ngkimlooi,,2024-03-08
alilaforh_maho21,,2024-03-08
cpleong99,,2024-03-07
mohamadikramaziz,,2024-03-07
k*****n,,2024-03-08
w*****e,,2024-03-07
alvinseah195,,2024-03-07
kuazwan23,,2024-03-08
ermaliyana97,,2024-03-10
ermaliyana97,,2024-03-10
ismailjalil1,,2024-03-12
shuang1212,,2024-03-15
noor_mohamad95,,2024-03-18
joshua0224,,2024-03-22
k*****n,,2024-03-03
vincent9180,,2024-03-07
thamcy89,,2024-03-08
jiajye78,,2023-12-29
edwardtow168,,2024-03-01
zaza_gadget,,2024-03-10
seni4884,,2024-03-12
nich0las,,2024-02-24
coffyme,,2023-12-29
kaseysoo,,2024-03-16
xiang11111111,,2023-10-13
renee89,,2024-03-07
wansyaz014,,2023-12-19
harmonyhealth,,2023-11-02
bioscienceuk,,2024-03-11
k*****7,,2024-03-12
y*****n,,2024-02-22
snlee709,,2024-03-14
dexter0532,,2024-03-02
alrafumatsu2,,2023-10-16
menghow333,,2024-02-25
y*****2,,2024-02-18
nanami8888,,2024-03-19
micko1013,,2024-03-01
c*****g,,2024-02-22
fiqfawdzan,,2024-03-13
fiqfawdzan,,2024-03-13
awqizar,,2023-12-24
kohlichian,,2024-03-09
i*****n,,2024-03-01
aliffeyzat,,2024-03-23
w*****m,,2024-03-10
dino7979,,2023-10-06
hc1234,,2023-11-26
jeeyan1993,,2024-03-03
cyyong95,,2024-02-19
zien_wong,,2024-01-02
m*****a,,2024-02-29
weirdoling94,,2024-02-21
ang2000,,2024-02-21
chipyaocherng,,2024-03-03
j*****d,,2024-03-20
ch3st3r,,2023-12-29
twlsteven,,2024-03-18
endlesssia,,2024-01-06
mengcheechun,,2024-03-05
peter2choong,,2024-03-08
atpco,,2024-02-24
sebi89,,2023-10-05
deonghq,,2023-10-09
mhd_shahmi,,2023-12-15
mr.oburn50,,2023-12-15
chengweirong,,2024-03-05
j*****r,,2024-02-05
j*****n,,2024-02-26
gavin8648,,2024-03-17
suhwa1126,,2024-03-11
khaledsaifullah,,2024-02-19
zhihangchen,,2024-03-19
limtl252489,,2024-02-21
lucasq3881,,2024-03-05
meigirl0220,,2024-03-09
j*****0,,2024-03-20
w*****5,,2023-12-02
ting_131313,,2024-01-22
ryanng0260,,2023-12-21
v*****w,,2023-12-16
luqmanimzan,,2024-03-19
sho_fukamachi,,2023-10-17
huisnuangyap,,2024-03-11
j*****6,,2024-02-19
l*****t,,2024-02-27
joey_07,,2024-02-21
ayusyamim,,2024-03-10
tobeg,,2023-10-26
edwinyip86,,2024-03-08
amipo0t_da,,2024-02-28
amipo0t_da,,2024-02-28
amipo0t_da,,2024-02-28
amipo0t_da,,2024-03-01
nicloo,,2024-03-05
chongchunjie,,2024-02-27
_shahreen,,2024-03-10
yihkae9724,,2024-03-23
jingcheng0625,,2024-03-11
gx4g1gxevd,,2024-02-21
smlee97,,2024-02-21
w*****5,,2024-03-12
leokfkp28,,2023-12-18
aresan11,,2024-02-28
farhannik5,,2023-12-11
chongwh1007,,2024-03-04
tf53521,,2024-02-22
yzj6111,,2024-03-08
fooruixuan,,2024-03-11
jasonmax00450,,2024-03-17
jasonmax00450,,2024-03-18
w*****a,,2024-01-29
thamcy44,,2024-02-29
liyan97,,2024-03-03
liyan97,,2024-03-03
liyan97,,2024-03-03
zx01222,,2024-03-12
terencefoo90,,2024-03-23
alvern_3030,,2024-03-02
winson9292,,2024-03-07
winson9292,,2024-03-09
lauhonghin,,2024-03-22
discovercollectibles,,2023-10-07
seesunnn01,,2023-11-13
shawnpym1994,,2023-12-06
jameskau88,,2023-12-17
,,2023-12-17
wongshiuhphin96,,2023-12-16
seif02,,2023-12-19
_1_0ycckz4,,2024-01-18
sdwong87,,2024-02-21
chanboontong,,2024-02-22
mayne97,,2024-02-25
cong53,,2024-02-24
p*****a,,2024-02-28
ting_sheng19,,2024-02-29
yevon0123,,2024-03-03
terence.ng24,,2024-03-04
chunnewso,,2024-03-04
chunnewso,,2024-03-04
chunnewso,,2024-03-04
chunnewso,,2024-03-04
haizathisam,,2024-03-06
cheongyujie,,2024-03-08
a*****0,,2024-03-10
a*****0,,2024-03-10
nguynannie582,,2024-03-09
nguynannie582,,2024-03-09
paul_1235,,2024-03-09
lsk87,,2024-03-09
nicoleteng331,,2024-03-10
hmlam75,,2024-03-10
nguynannie582,,2024-03-11
ho._.923,,2024-03-16
peiyonglee587,,2024-03-16
r*****r,,2024-03-18
r*****r,,2024-03-18
r*****r,,2024-03-18
p*****a,,2024-03-19
hugo1201,,2024-03-20
imfahim,,2024-03-21
jasonkhoo8899,,2024-02-17
shinestore12,,2023-10-31
dillarahman8,,2024-03-15
chongseethow,,2023-10-22
